Ticker,Mentions_Score,Primary_Theme,FinTwit_Sources,Scan_Window
COHR,95,Photonics,"aleabitoreddit,PhotonCap,ThematicTrader",Last 30 days (2-pass sample)
LITE,92,Photonics,"aleabitoreddit,PhotonCap,ThematicTrader,yianisz",Last 30 days (2-pass sample)
AAOI,88,Photonics,"aleabitoreddit,ThematicTrader,yianisz,MilkRoadAI",Last 30 days (2-pass sample)
SIVEF,85,Photonics,aleabitoreddit,Last 30 days (2-pass sample)
MU,85,Semiconductors,"asklivermore,ThematicTrader,yianisz,MilkRoadAI",Last 30 days (2-pass sample)
NBIS,82,AI Infrastructure,"aleabitoreddit,rklb_invest,ThematicTrader,yianisz,MilkRoadAI",Last 30 days (2-pass sample)
RKLB,78,Space,"rklb_invest,Speculator_io",Last 30 days (2-pass sample)
SMCI,75,AI Infrastructure,ThematicTrader,Last 30 days (2-pass sample)
ASTS,72,Space,Speculator_io,Last 30 days (2-pass sample)
NVDA,72,Semiconductors,"yianisz,ThematicTrader,rklb_invest",Last 30 days (2-pass sample)
MTSI,70,Photonics,aleabitoreddit,Last 30 days (2-pass sample)
POET,65,Photonics,aleabitoreddit,Last 30 days (2-pass sample)
CRWV,62,AI Infrastructure,"ThematicTrader,asklivermore",Last 30 days (2-pass sample)
SNDK,60,Semiconductors,"asklivermore,ThematicTrader,yianisz",Last 30 days (2-pass sample)
MRVL,58,Photonics,"ThematicTrader,asklivermore",Last 30 days (2-pass sample)
CIEN,55,Photonics,ThematicTrader,Last 30 days (2-pass sample)
IREN,55,AI Infrastructure,"ThematicTrader,asklivermore",Last 30 days (2-pass sample)
FLY,55,Space,"rklb_invest,Speculator_io",Last 30 days (2-pass sample)
PENG,52,AI Infrastructure,ThematicTrader,Last 30 days (2-pass sample)
AMAT,52,Semiconductors,Speculator_io,Last 30 days (2-pass sample)
BE,50,AI Infrastructure,MilkRoadAI,Last 30 days (2-pass sample)
AMD,50,Semiconductors,"ThematicTrader,MilkRoadAI",Last 30 days (2-pass sample)
SITM,50,Semiconductors,yianisz,Last 30 days (3-pass sample)
VRT,48,AI Infrastructure,ThematicTrader,Last 30 days (2-pass sample)
CREDO,48,AI Infrastructure,MilkRoadAI,Last 30 days (2-pass sample)
AVGO,48,Semiconductors,"aleabitoreddit,ThematicTrader",Last 30 days (2-pass sample)
PL,45,Space,Speculator_io,Last 30 days (2-pass sample)
TSEM,45,Photonics,ThematicTrader,Last 30 days (2-pass sample)
TSLA,45,Humanoid Robots,"rklb_invest,ThematicTrader",Last 30 days (2-pass sample)
AEHR,45,Semiconductors,yianisz,Last 30 days (2-pass sample)
PLTR,42,AI Agents,"rklb_invest,yianisz",Last 30 days (2-pass sample)
TSM,42,Semiconductors,ThematicTrader,Last 30 days (2-pass sample)
HIMS,42,AI Agents,yianisz,Last 30 days (3-pass sample)
DRAM,40,Semiconductors,"asklivermore,yianisz",Last 30 days (2-pass sample)
SPCX,40,Space,"rklb_invest,Speculator_io,ThematicTrader",Last 30 days (2-pass sample)
FN,40,Photonics,aleabitoreddit,Last 30 days (2-pass sample)
IONQ,40,Quantum Computers,yianisz,Last 30 days (2-pass sample)
PATH,38,AI Agents,Speculator_io,Last 30 days (2-pass sample)
ARM,38,Semiconductors,Speculator_io,Last 30 days (2-pass sample)
DELL,38,AI Infrastructure,ThematicTrader,Last 30 days (2-pass sample)
LUNR,35,Space,Speculator_io,Last 30 days (2-pass sample)
SKYT,35,Quantum Computers,yianisz,Last 30 days (2-pass sample)
GLW,35,Photonics,aleabitoreddit,Last 30 days (2-pass sample)
ALAB,35,AI Infrastructure,ThematicTrader,Last 30 days (2-pass sample)
ANET,35,AI Infrastructure,yianisz,Last 30 days (3-pass sample)
CRDO,32,Semiconductors,MilkRoadAI,Last 30 days (3-pass sample)
HPE,32,AI Infrastructure,ThematicTrader,Last 30 days (2-pass sample)
AMZN,32,AI Infrastructure,thematic,Last 30 days (2-pass sample)
IBM,30,Quantum Computers,yianisz,Last 30 days (2-pass sample)
UMAC,30,AI Infrastructure,asklivermore,Last 30 days (2-pass sample)
QCOM,30,Semiconductors,thematic,Last 30 days (2-pass sample)
MDB,30,AI Agents,asklivermore,Last 30 days (3-pass sample)
IQE,30,Photonics,aleabitoreddit,Last 30 days (2-pass sample)
MSFT,30,AI Agents,thematic,Last 30 days (2-pass sample)
INTC,28,Semiconductors,thematic,Last 30 days (2-pass sample)
SIMO,28,Semiconductors,ThematicTrader,Last 30 days (2-pass sample)
NOW,28,AI Agents,yianisz,Last 30 days (2-pass sample)
SHOP,28,AI Agents,asklivermore,Last 30 days (3-pass sample)
JBL,28,Photonics,aleabitoreddit,Last 30 days (3-pass sample)
KLAC,25,Semiconductors,thematic,Last 30 days (2-pass sample)
CLS,25,AI Infrastructure,thematic,Last 30 days (3-pass sample)
SOFI,25,AI Agents,yianisz,Last 30 days (2-pass sample)
SYM,25,Humanoid Robots,thematic,Last 30 days (2-pass sample)
LMT,25,Space,rklb_invest,Last 30 days (3-pass sample)
GFS,25,Semiconductors,aleabitoreddit,Last 30 days (3-pass sample)
AMBA,22,Humanoid Robots,thematic,Last 30 days (2-pass sample)
ONTO,22,Semiconductors,thematic,Last 30 days (3-pass sample)
SMTC,22,Photonics,aleabitoreddit,Last 30 days (3-pass sample)
HOOD,22,AI Agents,thematic,Last 30 days (3-pass sample)
BKSY,22,Space,rklb_invest,Last 30 days (3-pass sample)
QUBT,22,Quantum Computers,thematic,Last 30 days (3-pass sample)
RGTI,22,Quantum Computers,thematic,Last 30 days (2-pass sample)
CAMT,20,Semiconductors,Speculator_io,Last 30 days (3-pass sample)
FORM,20,Semiconductors,thematic,Last 30 days (3-pass sample)
ACLS,20,Semiconductors,thematic,Last 30 days (3-pass sample)
CELH,20,AI Agents,thematic,Last 30 days (3-pass sample)
QBTS,20,Quantum Computers,thematic,Last 30 days (2-pass sample)
JOBY,20,Space,thematic,Last 30 days (3-pass sample)
RXRX,20,AI Agents,thematic,Last 30 days (3-pass sample)
SPCE,18,Space,thematic,Last 30 days (2-pass sample)
SPIR,18,Space,rklb_invest,Last 30 days (3-pass sample)
ACHR,18,Space,thematic,Last 30 days (3-pass sample)
UPST,18,AI Agents,thematic,Last 30 days (3-pass sample)
AFRM,18,AI Agents,thematic,Last 30 days (3-pass sample)
ARQQ,18,Quantum Computers,thematic,Last 30 days (3-pass sample)
BEAM,18,AI Agents,thematic,Last 30 days (3-pass sample)
CRSP,18,AI Agents,thematic,Last 30 days (3-pass sample)
ACMR,18,Semiconductors,Speculator_io,Last 30 days (3-pass sample)
